link,specification,location,price,mileage,year,img_url
https://www.autoscout24.com/offers/ford-mustang-3-6-roush-spezial-shz-xenon-kam-keyless-gasoline-black-e58368be-1163-4c92-82d3-b4f73b5b5865,3.6 Roush Spezial/SHZ/Xenon/Kam/ Keyless,"München, DE",24998.0,42718.0,2017,https://prod.pictures.autoscout24.net/listing-images/e58368be-1163-4c92-82d3-b4f73b5b5865_7f5c6cbd-043f-43fc-8732-21849f31331f.jpg/1920x1080.webp
https://www.autoscout24.com/offers/ford-mustang-2-3-leder-led-kamera-sport-auspuff-gasoline-white-417c6a20-7d44-4254-9677-51d1a4187b37,2.3 *Leder*Led*Kamera*Sport-Auspuff*,"Essen, DE",26690.0,38251.0,2016,https://prod.pictures.autoscout24.net/listing-images/417c6a20-7d44-4254-9677-51d1a4187b37_f3598c4b-a6f8-4b44-b12d-ae86c66bcf3c.jpg/1920x1080.webp
https://www.autoscout24.com/offers/ford-mustang-2-3-leder-led-shz-kamera-19z-gasoline-black-faf4d006-5ec8-4fa9-a211-c6d35b25a35a,2.3 *Leder*Led*SHZ*Kamera*19Z*,"Essen, DE",26890.0,33251.0,2017,https://prod.pictures.autoscout24.net/listing-images/faf4d006-5ec8-4fa9-a211-c6d35b25a35a_7e9c2c45-374e-4654-bcf6-04d6e8788a85.jpg/1920x1080.webp
https://www.autoscout24.com/offers/ford-mustang-v6-topzustand-erst-26-tkm-gasoline-black-f2aacbdb-8d95-4c1c-95cc-47dc8093c9e3,"V6 Topzustand, erst 26 tkm!!","Haltern Am See, DE",26900.0,26000.0,2016,https://prod.pictures.autoscout24.net/listing-images/f2aacbdb-8d95-4c1c-95cc-47dc8093c9e3_c02c1f94-a702-4acb-8697-362196087a6c.jpg/1920x1080.webp
https://www.autoscout24.com/offers/ford-mustang-2-3-ecoboost-automatik-navi-leder-gasoline-black-fd9e130a-6cb8-46e9-aadb-b4cb7cab80ea,2.3 EcoBoost Automatik Navi Leder,"Bad Essen, DE",27490.0,39971.0,2018,https://prod.pictures.autoscout24.net/listing-images/fd9e130a-6cb8-46e9-aadb-b4cb7cab80ea_7cb766be-d39b-45e5-a636-d0b2e20619a9.jpg/1920x1080.webp
https://www.autoscout24.com/offers/ford-mustang-2-3-ecoboost-androidnavi-keyless-r-cam-gasoline-white-536a1670-2cd7-47fe-9cfe-09daec4389fa,2.3 EcoBoost/AndroidNavi/Keyless/R-Cam,"Syke, DE",27900.0,33000.0,2018,https://prod.pictures.autoscout24.net/listing-images/536a1670-2cd7-47fe-9cfe-09daec4389fa_30756a4d-0b23-4edc-80a9-6ac17bd19c1b.jpg/1920x1080.webp
https://www.autoscout24.com/offers/ford-mustang-fastback-2300-ecoboost-cambio-automatico-gasoline-black-27fbc862-a1f2-4a00-b4b7-6c230e5a82d0,"fastback, 2300 ecoboost, cambio automatico.","Quinto di Treviso, IT",28000.0,42000.0,2017,None
https://www.autoscout24.com/offers/ford-mustang-fastback-2-3-ecoboost-aut-gasoline-black-408ba615-0e5b-456c-a8bc-c1e32ee012c3,Fastback 2.3 EcoBoost aut,"Civitanova Marche, IT",29900.0,47000.0,2016,https://prod.pictures.autoscout24.net/listing-images/408ba615-0e5b-456c-a8bc-c1e32ee012c3_68fce333-3afb-48e4-bd05-60a5305cb846.jpg/1920x1080.webp
https://www.autoscout24.com/offers/ford-mustang-2-3-ecoboost-gasoline-black-e9c21972-c2f4-40c0-b956-9d21de55cfee,2.3 EcoBoost,"Asten, NL",30000.0,30000.0,2016,https://prod.pictures.autoscout24.net/listing-images/e9c21972-c2f4-40c0-b956-9d21de55cfee_733507e7-daf3-4eec-8df7-32f7ff837ed4.jpg/1920x1080.webp
https://www.autoscout24.com/offers/ford-mustang-2-3-eco-boost-aut-gasoline-black-947366a6-29f3-4b78-87c4-5f4401705520,2.3 Eco Boost Aut.,"Berlin, DE",30000.0,33000.0,2018,https://prod.pictures.autoscout24.net/listing-images/947366a6-29f3-4b78-87c4-5f4401705520_45ebd3f0-798f-4090-852c-6dbb223403ca.jpg/1920x1080.webp
https://www.autoscout24.com/offers/ford-mustang-deportivo-manual-de-2-puertas-gasoline-white-e7a6f63b-4c8d-4f38-87f3-b9bb03ab0d3a,Deportivo Manual de 2 Puertas,"BENIFAIO, ES",30000.0,40000.0,2017,https://prod.pictures.autoscout24.net/listing-images/e7a6f63b-4c8d-4f38-87f3-b9bb03ab0d3a_db35e9ba-8b47-43f6-95b6-3c66dfcf3866.jpg/1920x1080.webp
https://www.autoscout24.com/offers/ford-mustang-fastback-2-3-ecoboost-aut-gasoline-black-9bcfcae5-5f10-474a-9b57-70fc0e8e6699,Fastback 2.3 EcoBoost aut.,"Porto Sant'Elpidio - Fermo, IT",30999.0,47000.0,2016,https://prod.pictures.autoscout24.net/listing-images/9bcfcae5-5f10-474a-9b57-70fc0e8e6699_4eb29de4-2c5c-43cb-abbf-38e93c770fa4.jpg/1920x1080.webp
https://www.autoscout24.com/offers/ford-mustang-5-0l-v8-gt-premium-50-jahre-unfallfrei-usa-direkt-gasoline-black-6ee9ea33-874c-45ba-8fd8-611cb8c7aec2,"5,0L-V8 -GT Premium-50 Jahre-Unfallfrei-USA Direkt","Hannover-Altwarmbüchen, DE",31900.1,45000.0,2015,None
https://www.autoscout24.com/offers/ford-mustang-verkocht-sold-vendu-gasoline-black-3f9bb7e1-5cef-4595-905c-c61aae5186f8,VERKOCHT - SOLD - VENDU,"Machelen, BE",32450.0,31035.0,2016,https://prod.pictures.autoscout24.net/listing-images/3f9bb7e1-5cef-4595-905c-c61aae5186f8_943ecfcc-d341-4c02-8187-52f6194ebece.jpg/1920x1080.webp
https://www.autoscout24.com/offers/ford-mustang-2-3-ecoboost-bte-auto-black-edition-navi-cam-gasoline-black-1b136a6c-2195-419e-a083-81086c7d855e,2.3 EcoBoost Bte-AUTO / BLACK-EDITION / NAVI-CAM,"Lille, FR",32990.0,32000.0,2017,https://prod.pictures.autoscout24.net/listing-images/1b136a6c-2195-419e-a083-81086c7d855e_b87ddcde-db8d-4234-b656-f3870d8ebcb8.jpg/1920x1080.webp
https://www.autoscout24.com/offers/ford-mustang-gt-eu-modell-premium-paket-ll-8-fach-bereift-gasoline-white-ccc079a8-5f7f-4d6f-b3da-42aaae832337,GT - EU-Modell - Premium-Paket ll - 8-fach Bereift,"Roth, DE",32999.0,38000.0,2016,https://prod.pictures.autoscout24.net/listing-images/ccc079a8-5f7f-4d6f-b3da-42aaae832337_c3dfb0cd-b19f-45ae-b034-497ca5657be1.jpg/1920x1080.webp
https://www.autoscout24.com/offers/ford-mustang-mustang-fastback-2-3-ecoboost-317cv-gasoline-black-cc6120f7-a867-4920-90e1-5a1a5c1332e3,Mustang Fastback 2.3 ecoboost 317cv,"erba, IT",33000.0,34500.0,2017,https://prod.pictures.autoscout24.net/listing-images/cc6120f7-a867-4920-90e1-5a1a5c1332e3_a070c13e-7011-4309-ab1b-39e0c2c1fb5c.jpg/1920x1080.webp
https://www.autoscout24.com/offers/ford-mustang-2-3-ecoboost-gasoline-black-4b1273af-18d5-434b-8a7b-40364732eb4e,2.3 EcoBoost,"Essen, BE",33500.0,16000.0,2017,https://prod.pictures.autoscout24.net/listing-images/4b1273af-18d5-434b-8a7b-40364732eb4e_f53296e6-4707-469c-941b-eeabb77ebc85.jpg/1920x1080.webp
https://www.autoscout24.com/offers/ford-mustang-gt-5-0ti-vct-v8-temp-keyfree-leder-xenon-gasoline-black-ef65829b-d74c-4a37-a01c-ca4e6ba9006b,GT 5.0Ti-VCT V8 TEMP-KEYFREE-LEDER-XENON,"Horb, DE",33740.0,29425.0,2015,https://prod.pictures.autoscout24.net/listing-images/ef65829b-d74c-4a37-a01c-ca4e6ba9006b_da171c5b-d64a-452f-a4f9-62d650428b43.jpg/1920x1080.webp
https://www.autoscout24.com/offers/ford-mustang-mustang-fastback-2-3-ecoboost-317cv-auto-gasoline-black-ac30cc7f-345f-422d-931b-d2f01139d67a,Mustang Fastback 2.3 ecoboost 317cv auto,"Cosenza, IT",34000.0,23000.0,2017,https://prod.pictures.autoscout24.net/listing-images/ac30cc7f-345f-422d-931b-d2f01139d67a_b1fc4bbe-7c97-4741-b176-65f2d6373692.jpg/1920x1080.webp
https://www.autoscout24.com/offers/ford-mustang-fastback-2-3-ecoboost-aut-gasoline-black-4be90810-21b9-4c51-8130-aa47c9250d56,Fastback 2.3 EcoBoost aut.,"Meolo - Venezia – Ve, IT",34000.0,16000.0,2016,https://prod.pictures.autoscout24.net/listing-images/4be90810-21b9-4c51-8130-aa47c9250d56_acde6ee1-0172-4b18-a572-994fc5233d56.jpg/1920x1080.webp
https://www.autoscout24.com/offers/ford-mustang-5-0-ti-vct-v8-gt-gasoline-black-278c3cdd-5d2e-400b-ba94-b10fa4c472e7,5.0 Ti-VCT V8 GT,"Bochum, DE",34700.0,47000.0,2017,https://prod.pictures.autoscout24.net/listing-images/278c3cdd-5d2e-400b-ba94-b10fa4c472e7_a4ad832c-b534-4a22-8d49-a95506cd03f6.jpg/1920x1080.webp
https://www.autoscout24.com/offers/ford-mustang-fastback-2-3-aut-ecoboost-gasoline-black-15f2edb0-03fc-43bb-8ef7-0a1c2edf0af1,Fastback 2.3 Aut.Ecoboost,"Veggiano - Padova, IT",34900.0,35361.0,2016,https://prod.pictures.autoscout24.net/listing-images/15f2edb0-03fc-43bb-8ef7-0a1c2edf0af1_97003b8d-ac15-4bbd-9301-99f32ef962af.jpg/1920x1080.webp
https://www.autoscout24.com/offers/ford-mustang-gasoline-black-80f7963c-d807-47da-be9f-5e3fe3c1bdc8,None,"Berlin, DE",34900.0,32985.0,2016,https://prod.pictures.autoscout24.net/listing-images/80f7963c-d807-47da-be9f-5e3fe3c1bdc8_ca256ac2-a557-476c-b77a-fe37ab150283.jpg/1920x1080.webp
https://www.autoscout24.com/offers/ford-mustang-2-3-ecoboost-aut-navi-full-cuir-camera-16-700-km-gasoline-white-52e037a6-392f-444d-b629-95237dd8ecf4,2.3 EcoBoost Aut/NAVI-FULL CUIR-CAMERA-16.700 KM/,"Cuesmes, BE",34990.0,16769.0,2017,https://prod.pictures.autoscout24.net/listing-images/52e037a6-392f-444d-b629-95237dd8ecf4_c672737d-67d5-4b6f-9ddb-cbafe106a655.jpg/1920x1080.webp
https://www.autoscout24.com/offers/ford-mustang-cabrio-3-7-v6-gasoline-white-5085ab24-f0a5-4197-9010-2113b811dfcf,"Cabrio 3,7 V6","Kirchberg am Wagram, AT",34999.0,42227.0,2016,https://prod.pictures.autoscout24.net/listing-images/5085ab24-f0a5-4197-9010-2113b811dfcf_00c5900b-e132-438b-a380-aec630f82892.jpg/1920x1080.webp
https://www.autoscout24.com/offers/ford-mustang-fastback-2-3-ecoboost-gasoline-black-900ce041-2829-4e26-ba6f-14e8f6d8ae45,Fastback 2.3 EcoBoost,"Citta Di Castello, IT",35000.0,37000.0,2018,https://prod.pictures.autoscout24.net/listing-images/900ce041-2829-4e26-ba6f-14e8f6d8ae45_50394b7a-e081-4edd-b30c-20d8ee839eef.jpg/1920x1080.webp
https://www.autoscout24.com/offers/ford-mustang-fastback-2-3-ecoboost-aut-gasoline-white-9a0954c7-9b1e-ae70-e053-0100007fc6aa,Fastback 2.3 EcoBoost aut.,"Nieuwpoort, BE",35000.0,40000.0,2018,https://prod.pictures.autoscout24.net/listing-images/9a0954c7-9b1e-ae70-e053-0100007fc6aa_098a4f00-ac83-4f1e-ba04-9d211bc5fafb.jpg/1920x1080.webp
https://www.autoscout24.com/offers/ford-mustang-fastback-5-0-ti-vct-gt-gasoline-white-f8e3655f-0ab6-438b-9182-b043e21fa1de,Fastback 5.0 Ti-VCT GT,"MALAGA, ES",35400.0,34766.0,2017,https://prod.pictures.autoscout24.net/listing-images/f8e3655f-0ab6-438b-9182-b043e21fa1de_4b7d7126-9ccb-4832-b3b9-15758fe2d335.jpg/1920x1080.webp
https://www.autoscout24.com/offers/ford-mustang-5-0-ti-vct-v8-336kw-fastsb-gt-gasoline-white-e6c3e815-de55-4831-acd7-9ef839a3cce9,5.0 Ti-VCT V8 336kW (Fastsb.) GT,"MALAGA, ES",35400.0,34766.0,2018,https://prod.pictures.autoscout24.net/listing-images/e6c3e815-de55-4831-acd7-9ef839a3cce9_5c1c5292-1393-4903-8421-95890322c7ad.jpg/1920x1080.webp
https://www.autoscout24.com/offers/ford-mustang-mustang-fastback-2-3-ecoboost-317cv-gasoline-white-c3a9ba93-9476-4165-a05a-f003d7f24b31,Mustang Fastback 2.3 ecoboost 317cv,"Bologna, IT",35500.0,29000.0,2018,https://prod.pictures.autoscout24.net/listing-images/c3a9ba93-9476-4165-a05a-f003d7f24b31_2ae05bbc-d716-4ec9-9acd-68d7ea8c79a3.jpg/1920x1080.webp
https://www.autoscout24.com/offers/ford-mustang-3-7l-v6-mit-luftfahrwerk-und-remus-klappenanlage-gasoline-white-a94b83e2-97bc-4362-b1eb-52b92cb2cf09,3.7l V6 mit Luftfahrwerk und Remus Klappenanlage,"Ried im innkreis, AT",35500.0,45000.0,2015,https://prod.pictures.autoscout24.net/listing-images/a94b83e2-97bc-4362-b1eb-52b92cb2cf09_762a04bf-76ba-46e6-ba44-0fd0e799861b.jpg/1920x1080.webp
https://www.autoscout24.com/offers/ford-mustang-gt-5-0-v8-performance-pack-targata-gasoline-black-cf07d5b4-3226-48cb-9d4d-03fbc0c34500,GT 5.0 V8 Performance pack **Targata,"Bari - Ba, IT",35500.0,50000.0,2015,https://prod.pictures.autoscout24.net/listing-images/cf07d5b4-3226-48cb-9d4d-03fbc0c34500_9a5b5d95-b6a7-4968-aa6e-186e571ea3eb.jpg/1920x1080.webp
https://www.autoscout24.com/offers/ford-mustang-2-3-ecoboost-gasoline-black-4872d210-96eb-4c60-96e5-8d3ee136295c,2.3 EcoBoost,"Sittard, NL",35750.0,25262.0,2016,https://prod.pictures.autoscout24.net/listing-images/4872d210-96eb-4c60-96e5-8d3ee136295c_e93ba2c8-d8b6-4333-b637-b9b375fd2cf3.jpg/1920x1080.webp
https://www.autoscout24.com/offers/ford-mustang-coupe-2-3-ecoboost-sync-kamera-1-hand-gasoline-black-f82296dd-3c2e-4ebd-a957-d249f63b6b2f,Coupe 2.3 EcoBoost SYNC* Kamera* 1.Hand*,"Meschede, DE",35790.0,29524.0,2017,https://prod.pictures.autoscout24.net/listing-images/f82296dd-3c2e-4ebd-a957-d249f63b6b2f_a5d05121-4806-4fce-8af0-cda1e64ec1d3.jpg/1920x1080.webp
https://www.autoscout24.com/offers/ford-mustang-mustang-fastback-2-3-ecoboost-317cv-auto-gasoline-white-d2a6860f-ab3f-4258-b8e5-e8e055ff9b83,Mustang Fastback 2.3 ecoboost 317cv auto,"campobasso, IT",35900.0,28000.0,2018,https://prod.pictures.autoscout24.net/listing-images/d2a6860f-ab3f-4258-b8e5-e8e055ff9b83_112f3da3-03dd-4e6c-9ad2-4bf3e79dde03.jpg/1920x1080.webp
https://www.autoscout24.com/offers/ford-mustang-gt-5-0v8-gt-50th-annyversary-no-337-voll-gasoline-white-86e735d5-85b3-435e-8a25-e2ab34614c8a,GT 5.0V8 GT 50TH Annyversary No.337/Voll,"München, DE",35990.0,4279.0,2015,https://prod.pictures.autoscout24.net/listing-images/86e735d5-85b3-435e-8a25-e2ab34614c8a_dec4c0e9-33c5-45a5-a2b7-b0a09f56cc98.jpg/1920x1080.webp
https://www.autoscout24.com/offers/ford-mustang-2-3-eco-boost-aut-gasoline-white-2f3d3cae-eaad-452f-a0a4-70307e603087,2.3 Eco Boost Aut.,"Roosdaal, BE",36500.0,6000.0,2018,https://prod.pictures.autoscout24.net/listing-images/2f3d3cae-eaad-452f-a0a4-70307e603087_527ea68f-d700-417e-b411-2b9f0cceb38a.jpg/1920x1080.webp
https://www.autoscout24.com/offers/ford-mustang-5-0-v8-gt-brc-gas-led-kamera-andorid-r20-gasoline-black-c9daba10-be00-4fba-85c8-835f168cf095,5.0 V8 GT BRC GAS/LED/KAMERA/ANDORID/R20,"Rennerod, DE",36950.0,29966.0,2017,https://prod.pictures.autoscout24.net/listing-images/c9daba10-be00-4fba-85c8-835f168cf095_ce36568f-e95f-4327-86bf-87c97f257b16.jpg/1920x1080.webp
https://www.autoscout24.com/offers/ford-mustang-2-3-290cv-black-edition-new-modelcockpit-gasoline-black-8937ad39-f652-4129-9dc5-803dfd3cff41,2.3 290CV BLACK-EDITION NEW MODELCOCKPIT,"Sombreffe, BE",36990.0,47833.0,2018,https://prod.pictures.autoscout24.net/listing-images/8937ad39-f652-4129-9dc5-803dfd3cff41_3e9751e2-09e2-4d0d-9939-3b210108f40c.jpg/1920x1080.webp
https://www.autoscout24.com/offers/ford-mustang-ecoboost-aut-viele-extras-top-zustand-gasoline-black-858dacfb-5ba8-4778-89a7-eaa801b9c45f,Ecoboost Aut. viele Extras Top Zustand,"Hamburg, DE",36999.0,44000.0,2017,https://prod.pictures.autoscout24.net/listing-images/858dacfb-5ba8-4778-89a7-eaa801b9c45f_3b487420-d96a-4ee1-b3cb-e0b9db16c44f.jpg/1920x1080.webp
https://www.autoscout24.com/offers/ford-mustang-2-3-i-290cv-coupe-ecoboost-face-lift-full-options-gasoline-black-b6eb03e9-1ca6-46ca-8a63-33b8eac903e4,2.3 i 290CV COUPE ECOBOOST FACE LIFT FULL OPTIONS,"Chatelet, BE",36999.0,50000.0,2018,https://prod.pictures.autoscout24.net/listing-images/b6eb03e9-1ca6-46ca-8a63-33b8eac903e4_55439f66-8e8b-426e-b670-99f5aee603e2.jpg/1920x1080.webp
https://www.autoscout24.com/offers/ford-mustang-fastback-5-0-v8-tivct-aut-gt-gasoline-black-fbb82eaa-a80a-4b8c-872b-f3774faed826,FASTBACK 5.0 V8 TiVCT  AUT GT,"Boltiere, IT",37000.0,36900.0,2015,https://prod.pictures.autoscout24.net/listing-images/fbb82eaa-a80a-4b8c-872b-f3774faed826_d6e939a4-2eae-4c86-85f9-40ce511ebaed.jpg/1920x1080.webp
https://www.autoscout24.com/offers/ford-mustang-fastback-5-0-v8-tivct-aut-gt-gasoline-black-f7179325-e6c3-4bd7-950e-ebb2cad649fd,Fastback 5.0 V8 TiVCT aut. GT,"Foligno - Pg, IT",37000.1,11000.0,2018,https://prod.pictures.autoscout24.net/listing-images/f7179325-e6c3-4bd7-950e-ebb2cad649fd_b2ce3470-51a5-4f0a-be06-d1d6516ae185.jpg/1920x1080.webp
https://www.autoscout24.com/offers/ford-mustang-gt-5-0l-v8-coupe-navi-kam-19-gasoline-white-27199fa3-8f3f-4fa5-a28f-0c4505cbb4f2,GT 5.0L V8 Coupe*Navi*Kam*19 ',"Erlensee, DE",37490.0,39850.0,2018,https://prod.pictures.autoscout24.net/listing-images/27199fa3-8f3f-4fa5-a28f-0c4505cbb4f2_f22ed9fe-776f-423d-b034-f8445129058d.jpg/1920x1080.webp
https://www.autoscout24.com/offers/ford-mustang-fastback-2-3-ecoboost-317-gasoline-white-d6767f4b-6adf-4435-8485-baeb612baf4c,Fastback 2.3 EcoBoost 317,"Fegersheim, FR",37900.0,32000.0,2016,https://prod.pictures.autoscout24.net/listing-images/d6767f4b-6adf-4435-8485-baeb612baf4c_1189bb92-0f70-4754-9187-76e74b1e834e.jpg/1920x1080.webp
https://www.autoscout24.com/offers/ford-mustang-gt-automatik-premium-paket-2-gasoline-black-53643435-5cb4-450a-a1f8-cfdbe945d5bf,GT AUTOMATIK Premium Paket 2,"Husum, DE",37990.0,24850.0,2017,https://prod.pictures.autoscout24.net/listing-images/53643435-5cb4-450a-a1f8-cfdbe945d5bf_088adb2c-1d69-414d-9d7d-0928f68a8470.jpg/1920x1080.webp
https://www.autoscout24.com/offers/ford-mustang-5-0-ti-vct-v8-aut-gt-gasoline-black-54b5ceff-e62e-4c87-a64d-69cdbc1ee37e,5.0 Ti-VCT V8 Aut. GT,"Brodersdorf, DE",38000.0,46500.0,2017,https://prod.pictures.autoscout24.net/listing-images/54b5ceff-e62e-4c87-a64d-69cdbc1ee37e_db112d21-626a-41ed-81ba-aa20abf02c17.jpg/1920x1080.webp
https://www.autoscout24.com/offers/ford-mustang-gt-5-0-fastback-1-hd-unfallfrei-premium1-gasoline-black-79b6cb11-34b8-44e5-9158-3600d26494f2,GT 5.0 Fastback 1.HD|Unfallfrei|Premium1,"Neu-Ulm, DE",38890.0,37490.0,2016,https://prod.pictures.autoscout24.net/listing-images/79b6cb11-34b8-44e5-9158-3600d26494f2_80603fbf-4b49-4064-8f16-1f9cde68972f.jpg/1920x1080.webp
https://www.autoscout24.com/offers/ford-mustang-fastback-5-0-ti-vct-gt-aut-gasoline-black-8c7cfe23-6b9b-4e22-807f-46d077baf792,Fastback 5.0 Ti-VCT GT Aut.,"GRANADA, ES",38900.0,37593.0,2015,https://prod.pictures.autoscout24.net/listing-images/8c7cfe23-6b9b-4e22-807f-46d077baf792_4d79091f-79aa-4f83-a03f-bae3ec49ef77.jpg/1920x1080.webp
https://www.autoscout24.com/offers/ford-mustang-gt-v8-gasoline-black-9f25f97e-4d0c-4f55-883f-8ef5924102a7,GT V8,"Torino, IT",38900.0,16000.0,2016,https://prod.pictures.autoscout24.net/listing-images/9f25f97e-4d0c-4f55-883f-8ef5924102a7_903f886d-e714-4e34-a972-e467b4ffb66b.jpg/1920x1080.webp
https://www.autoscout24.com/offers/ford-mustang-fastback-5-0-ti-vct-gt-aut-premium-pack-gasoline-black-14f1a41a-ba89-4499-bf1c-14c763b94686,Fastback 5.0 Ti-VCT GT Aut. Premium Pack,"Logroño, ES",38900.0,47000.0,2016,https://prod.pictures.autoscout24.net/listing-images/14f1a41a-ba89-4499-bf1c-14c763b94686_07b43fab-34bc-4290-b4fc-0e06ad1cd9e5.jpg/1920x1080.webp
https://www.autoscout24.com/offers/ford-mustang-fastback-5-0-ti-vct-gt-gasoline-white-d69e6315-76ca-47ce-885d-ae2ae47c576c,Fastback 5.0 Ti-VCT GT,"Santa cruz de Tenerife, ES",38900.0,19000.0,2017,https://prod.pictures.autoscout24.net/listing-images/d69e6315-76ca-47ce-885d-ae2ae47c576c_76424196-54e0-4587-896b-1e17237ef6c8.jpg/1920x1080.webp
https://www.autoscout24.com/offers/ford-mustang-performance-keyfree-led-navi-klima-leder-gasoline-black-f4c21445-1193-49b7-8eb2-e4308aad15ee,*PERFORMANCE*KEYFREE*LED*NAVI*KLIMA*LEDER,"Köln, DE",38980.0,23194.0,2018,None
https://www.autoscout24.com/offers/ford-mustang-2-3-290cv-black-edition-face-lift-cockpit-full-gasoline-black-253bc352-6afd-4212-a9b8-22790fa6196c,2.3 290CV BLACK-EDITION FACE LIFT / COCKPIT / FULL,"Lille, FR",38990.0,47833.0,2018,https://prod.pictures.autoscout24.net/listing-images/253bc352-6afd-4212-a9b8-22790fa6196c_639b4f8a-d133-48dc-8dcf-5cc9fb7052ae.jpg/1920x1080.webp
https://www.autoscout24.com/offers/ford-mustang-2-3-10-marce-tesla-navi-iva-esposta-inclusa-gasoline-black-04abdcb3-3cf9-4a04-badb-4d206440c568,2.3-10 MARCE-TESLA NAVI-IVA ESPOSTA INCLUSA,"Firenze - Fi, IT",39500.0,23715.0,2018,https://prod.pictures.autoscout24.net/listing-images/04abdcb3-3cf9-4a04-badb-4d206440c568_1672732e-27f5-4570-bd4d-7657a4bc8d86.jpg/1920x1080.webp
https://www.autoscout24.com/offers/ford-mustang-coupe-2-3-ecoboost-schalensitze-premium-gasoline-black-5e2fd4e0-13d7-41db-aac5-319bcbb19c2f,Coupe 2.3 EcoBoost Schalensitze* Premium,"Meschede, DE",39890.0,20529.0,2015,https://prod.pictures.autoscout24.net/listing-images/5e2fd4e0-13d7-41db-aac5-319bcbb19c2f_7226d656-9452-4e6b-b09d-4fba057e9f8e.jpg/1920x1080.webp
https://www.autoscout24.com/offers/ford-mustang-2-3-ecoboost-gasoline-black-0b8c0e70-335d-4894-a6e8-516cb68283b4,"2,3 EcoBoost","Leoben, AT",39900.0,19000.0,2016,https://prod.pictures.autoscout24.net/listing-images/0b8c0e70-335d-4894-a6e8-516cb68283b4_eecaaa31-04d6-4520-8a43-9b9b33958278.jpg/1920x1080.webp
https://www.autoscout24.com/offers/ford-mustang-fastback-5-0-ti-vct-gt-aut-gasoline-black-e8932bab-1a32-437d-8cef-56c4f5fa3fc6,Fastback 5.0 Ti-VCT GT Aut.,"CORNELLÁ, ES",39900.0,35000.0,2015,https://prod.pictures.autoscout24.net/listing-images/e8932bab-1a32-437d-8cef-56c4f5fa3fc6_d90d08c8-cdaf-483f-95fb-2a87555a9464.jpg/1920x1080.webp
https://www.autoscout24.com/offers/ford-mustang-5-0-ti-vct-v8-black-shadow-edition-gasoline-white-ddf27a2f-5476-4754-bfbd-bda55a1c315c,5.0 Ti-VCT V8 Black Shadow Edition,"Rutesheim, DE",39990.0,45447.0,2017,https://prod.pictures.autoscout24.net/listing-images/ddf27a2f-5476-4754-bfbd-bda55a1c315c_11398c08-7ca5-45d6-942d-8e37488c0c87.jpg/1920x1080.webp
https://www.autoscout24.com/offers/ford-mustang-mustang-coupe-5-0-gt-v8-california-special-gasoline-white-67c71d12-a008-4d01-ae8e-efbc952cd858,MUSTANG COUPE 5.0 GT V8 CALIFORNIA SPECIAL,"Bautzen, DE",39999.0,18818.0,2018,https://prod.pictures.autoscout24.net/listing-images/67c71d12-a008-4d01-ae8e-efbc952cd858_5f4b2e71-9629-4791-95d1-355c61a68f89.jpg/1920x1080.webp
https://www.autoscout24.com/offers/ford-mustang-5-0-ti-vct-v8-aut-gt-scheckheft-garantie-eu-gasoline-black-6e59030c-9d9a-47b6-9041-c79a64899db8,"5.0 Ti-VCT V8 Aut. GT / Scheckheft, Garantie, EU","Braunschweig, DE",40000.0,46000.0,2017,https://prod.pictures.autoscout24.net/listing-images/6e59030c-9d9a-47b6-9041-c79a64899db8_8643abed-ee38-41ea-84f8-ff8deb15d37b.jpg/1920x1080.webp
https://www.autoscout24.com/offers/ford-mustang-fastback-5-0-v8-tivct-gt-gasoline-white-9fabdb5e-4148-4be7-972b-6cc70cccfe4a,Fastback 5.0 V8 TiVCT GT,"roma, IT",40000.0,7200.0,2016,https://prod.pictures.autoscout24.net/listing-images/9fabdb5e-4148-4be7-972b-6cc70cccfe4a_7c2a6f2c-b64f-40ca-9a77-9e14371cf0b4.jpg/1920x1080.webp
https://www.autoscout24.com/offers/ford-mustang-5-0l-cs-v8-gt-aut-kamera-navi-belueftung-gasoline-white-30e6e687-da4f-4c1e-bd6c-3929077bc2ea,5.0l CS V8 GT Aut. KAMERA~NAVI~BELÜFTUNG,"Nürnberg, DE",40499.0,19000.0,2017,https://prod.pictures.autoscout24.net/listing-images/30e6e687-da4f-4c1e-bd6c-3929077bc2ea_e65d9bb2-0492-4f8f-998a-1421a7a3496b.jpg/1920x1080.webp
https://www.autoscout24.com/offers/ford-mustang-5-0-ti-vct-v8-aut-black-shadow-edition-gasoline-black-bc6f5d0c-5664-47d5-a2d5-d16eb7bb52ec,5.0 Ti-VCT V8 Aut. Black Shadow Edition,"Minden, DE",40800.0,27400.0,2017,https://prod.pictures.autoscout24.net/listing-images/bc6f5d0c-5664-47d5-a2d5-d16eb7bb52ec_72c518cf-3ea7-4ab7-a05f-3ee973a235a3.jpg/1920x1080.webp
https://www.autoscout24.com/offers/ford-mustang-5-0-gt-2017-unfallfrei-leder-navi-48km-gasoline-black-6c777f85-b613-4143-bfa3-fd2740eab492,5.0 GT|2017|UNFALLFREI|Leder|Navi|48´KM,"Lahr, DE",40989.1,48000.0,2017,https://prod.pictures.autoscout24.net/listing-images/6c777f85-b613-4143-bfa3-fd2740eab492_f8b64ffc-9631-4513-8e52-8cb34f804c29.jpg/1920x1080.webp
https://www.autoscout24.com/offers/ford-mustang-gt-deutsches-auto-gasoline-black-22be7b79-40c8-497a-85e9-9415f479b6b8,GT  DEUTSCHES AUTO,"Pfaffenhofen, DE",40990.0,49900.0,2017,https://prod.pictures.autoscout24.net/listing-images/22be7b79-40c8-497a-85e9-9415f479b6b8_e3c9ab31-873f-4319-ad54-92df70189ad8.jpg/1920x1080.webp
https://www.autoscout24.com/offers/ford-mustang-fastback-5-0-ti-vct-gt-gasoline-black-b58b4cdc-e74e-4ff0-b24f-5e9473dc9b10,Fastback 5.0 Ti-VCT GT,"BARCELONA, ES",41000.0,38000.0,2017,https://prod.pictures.autoscout24.net/listing-images/b58b4cdc-e74e-4ff0-b24f-5e9473dc9b10_964b46fd-f6c8-41a0-ae8e-aa608393a5fd.jpg/1920x1080.webp
https://www.autoscout24.com/offers/ford-mustang-fastback-gt-5-0-v8-navi-pps-leder-temp-gasoline-black-e5a3b182-602c-4815-aabb-f13f8000c748,Fastback GT 5.0 V8 NAVI-PPS-LEDER-TEMP,"Horb, DE",41740.0,42825.0,2016,https://prod.pictures.autoscout24.net/listing-images/e5a3b182-602c-4815-aabb-f13f8000c748_33b60385-6039-4e41-950f-97afc38e0b70.jpg/1920x1080.webp
https://www.autoscout24.com/offers/ford-mustang-coupe-5-0-v8-aut-gt-navi-premium-2-gasoline-white-c94a3535-9f71-480e-af71-59aadf547069,Coupe 5.0 V8 Aut. GT Navi* Premium 2*,"Meschede, DE",41790.0,33227.0,2017,https://prod.pictures.autoscout24.net/listing-images/c94a3535-9f71-480e-af71-59aadf547069_96889a6a-608c-4c33-aa36-72126088a181.jpg/1920x1080.webp
https://www.autoscout24.com/offers/ford-mustang-fastback-5-0-v8-tivct-gt-unica-certificata-gasoline-black-a3975991-1530-41f6-b2e2-bc5a8e0e727d,Fastback 5.0 V8 TiVCT GT UNICA*CERTIFICATA,"Fonte Nuova - Roma, IT",41900.0,49900.0,2016,https://prod.pictures.autoscout24.net/listing-images/a3975991-1530-41f6-b2e2-bc5a8e0e727d_fb9633fb-38c4-4f23-a457-116cee17614a.jpg/1920x1080.webp
https://www.autoscout24.com/offers/ford-mustang-2-3-ecoboost-fastback-1-hd-deutsch-gasoline-white-ea919e8a-28f7-4210-b25f-192dda64679a,"2,3 EcoBoost Fastback 1.Hd + Deutsch","Troisdorf, DE",41950.1,15590.0,2018,https://prod.pictures.autoscout24.net/listing-images/ea919e8a-28f7-4210-b25f-192dda64679a_12dee166-e9a1-47c4-a252-94c9d7875566.jpg/1920x1080.webp
https://www.autoscout24.com/offers/ford-mustang-5-0-ti-vct-v8-gt-gasoline-black-e0734c9d-af4c-49ed-8b64-2f5386144dc4,5.0 Ti-VCT V8 GT,"Dortmund, DE",42000.0,28000.0,2017,https://prod.pictures.autoscout24.net/listing-images/e0734c9d-af4c-49ed-8b64-2f5386144dc4_f13ca508-8a79-48bd-9e3d-fd3f8a025d7a.jpg/1920x1080.webp
https://www.autoscout24.com/offers/ford-mustang-2-3-ecoboost-fastback-1-hd-deutsch-gasoline-white-e483e101-1c0c-434f-aa38-d761eb75865a,"2,3 EcoBoost Fastback 1.Hd + Deutsch","Troisdorf, DE",42450.1,14172.0,2018,https://prod.pictures.autoscout24.net/listing-images/e483e101-1c0c-434f-aa38-d761eb75865a_487df3c4-b603-4a8f-b738-2a13d08ad527.jpg/1920x1080.webp
https://www.autoscout24.com/offers/ford-mustang-gt-v8-gasoline-black-f9d7546f-f6ef-47d5-a6b0-d5e8b35e855e,GT V8,"Torino, IT",42500.0,16000.0,2016,https://prod.pictures.autoscout24.net/listing-images/f9d7546f-f6ef-47d5-a6b0-d5e8b35e855e_870f5310-ae46-4672-9c73-a864edef4983.jpg/1920x1080.webp
https://www.autoscout24.com/offers/ford-mustang-5-0-ti-vct-v8-310kw-gt-a-fast-valido-desde-gasoline-white-2d810772-18a4-47a3-ace1-e6e976eacdf9,"5.0 Ti - VCT V8 310KW  GT A.(Fast) , valido desde","L'Hospitalet de Llobregat, ES",42990.0,49367.0,2018,https://prod.pictures.autoscout24.net/listing-images/2d810772-18a4-47a3-ace1-e6e976eacdf9_0ed9e7ea-72ff-46c8-8061-9f1e17e5e0f5.jpg/1920x1080.webp
https://www.autoscout24.com/offers/ford-mustang-5-0-ti-vct-v8-310kw-gt-a-fast-valido-desde-gasoline-white-f31ee1c6-7d7b-4a2f-a1fa-4f1700cbd9b5,"5.0 Ti - VCT V8 310KW  GT A.(Fast) , valido desde","JAEN, ES",42990.0,49367.0,2018,https://prod.pictures.autoscout24.net/listing-images/f31ee1c6-7d7b-4a2f-a1fa-4f1700cbd9b5_4e2e28f0-1ba3-49c9-8c3d-3492fc853ac8.jpg/1920x1080.webp
https://www.autoscout24.com/offers/ford-mustang-fastback-2-3-ecoboost-kit-shelby-gasoline-white-fd20763f-464d-4586-aeb2-0b5278e8c6c2,Fastback 2.3 EcoBoost KIT Shelby,"Brescello - Re, IT",42999.0,21000.0,2018,https://prod.pictures.autoscout24.net/listing-images/fd20763f-464d-4586-aeb2-0b5278e8c6c2_31bc8c5d-6a09-4160-b9cd-d3006f15746c.jpg/1920x1080.webp
https://www.autoscout24.com/offers/ford-mustang-5-0-gt-automatica-coupe-gasoline-black-075eb189-9d94-4a05-bfd8-3c12d47c9cdb,5.0 GT automatica coupé,"Milano, IT",43000.0,7400.0,2017,https://prod.pictures.autoscout24.net/listing-images/075eb189-9d94-4a05-bfd8-3c12d47c9cdb_79c63d50-69a6-44dd-b250-919e117ba836.jpg/1920x1080.webp
https://www.autoscout24.com/offers/ford-mustang-v6-shelby-look-gt-500-tuev-nuevo-1-mano-cng-white-33cc19b5-bfc7-4998-bc9a-266e86b2deb2,V6 Shelby Look  GT 500 TÜV Nuevo 1ª mano,"VILLAVICIOSA DE ODÓN, ES",43455.0,31021.0,2017,https://prod.pictures.autoscout24.net/listing-images/33cc19b5-bfc7-4998-bc9a-266e86b2deb2_94d162c3-3065-4a95-940d-7b4305d54fff.jpg/1920x1080.webp
https://www.autoscout24.com/offers/ford-mustang-fastback-2-3-ecoboost-317-gasoline-white-9d869d95-261c-4e33-95ec-dce79756179d,Fastback 2.3 EcoBoost 317,"Fegersheim, FR",43900.0,3750.0,2017,https://prod.pictures.autoscout24.net/listing-images/9d869d95-261c-4e33-95ec-dce79756179d_6c90d532-8852-4310-9d1f-1ba0074dfc2f.jpg/1920x1080.webp
https://www.autoscout24.com/offers/ford-mustang-2-3-10-marce-shelby-gt500-iva-esposta-inclusa-gasoline-white-5862ef4e-ebdc-4734-abf8-a92043952fe9,2.3-10 MARCE-SHELBY GT500-IVA ESPOSTA INCLUSA,"Firenze - Fi, IT",44000.0,36433.0,2018,https://prod.pictures.autoscout24.net/listing-images/5862ef4e-ebdc-4734-abf8-a92043952fe9_69672ebe-9247-4671-b665-aa1c5d604839.jpg/1920x1080.webp
https://www.autoscout24.com/offers/ford-mustang-gt-coupe-10-gang-automatik-us-version-gasoline-black-a4fb65ce-074f-4390-a311-31f82d306f22,GT Coupe 10-Gang Automatik US-Version,"Angelbachtal, DE",44000.0,37000.0,2018,https://prod.pictures.autoscout24.net/listing-images/a4fb65ce-074f-4390-a311-31f82d306f22_8dfcdc80-93e6-49b7-863d-4e1c78412275.jpg/1920x1080.webp
https://www.autoscout24.com/offers/ford-mustang-gt-v8-fastback-premium-ii-sync3-acc-gasoline-white-98e01ad5-8643-4780-b9b1-0cf090236d76,GT V8 Fastback *PREMIUM II*SYNC3*ACC*,"Rosenfeld, DE",44690.0,21500.0,2018,https://prod.pictures.autoscout24.net/listing-images/98e01ad5-8643-4780-b9b1-0cf090236d76_e572a506-612f-4617-b4d6-5303d0c3e633.jpg/1920x1080.webp
https://www.autoscout24.com/offers/ford-mustang-5-0-ti-vct-v8-aut-black-shadow-edition-gasoline-black-c54a73c6-b8bf-4e1f-b089-bca3cf9619d1,5.0 Ti-VCT V8 Aut. Black Shadow Edition,"Lambsheim, DE",44700.0,40600.0,2017,https://prod.pictures.autoscout24.net/listing-images/c54a73c6-b8bf-4e1f-b089-bca3cf9619d1_83253123-687e-45f2-8dba-9528b400f05b.jpg/1920x1080.webp
https://www.autoscout24.com/offers/ford-mustang-coupe-5-0-ti-vct-v8-gt-navi-premium-2-gasoline-white-7ed26ae1-0db1-4864-a78b-869272ef32d4,Coupe 5.0 Ti-VCT V8 GT Navi* Premium 2*,"Meschede, DE",44790.0,49098.0,2018,https://prod.pictures.autoscout24.net/listing-images/7ed26ae1-0db1-4864-a78b-869272ef32d4_e8276df5-7e64-4a20-9bf7-329e94a1baef.jpg/1920x1080.webp
https://www.autoscout24.com/offers/ford-mustang-coupe-2-3-ecoboost-aut-navi-premium-2-gasoline-black-02836ba8-a5b8-46f6-a513-2a7a7680870c,Coupe 2.3 EcoBoost Aut. Navi* Premium 2*,"Meschede, DE",44890.0,7605.0,2018,https://prod.pictures.autoscout24.net/listing-images/02836ba8-a5b8-46f6-a513-2a7a7680870c_7f41c9dd-1404-4231-ace6-27b3601c690d.jpg/1920x1080.webp
https://www.autoscout24.com/offers/ford-mustang-5-0-gt-coupe-470-cv-automatic-shelby-body-kit-gasoline-white-ae9395a2-82b9-4019-94fe-0dbab8c057ea,5.0 GT COUPE 470 CV AUTOMATIC SHELBY BODY KIT,"Moncalieri - Torino - To, IT",44900.0,29000.0,2018,https://prod.pictures.autoscout24.net/listing-images/ae9395a2-82b9-4019-94fe-0dbab8c057ea_3cb5f35e-a0f3-42e3-bc5f-523054c17a1f.jpg/1920x1080.webp
https://www.autoscout24.com/offers/ford-mustang-fastback-5-0-v8-tivct-gt-gasoline-white-2c1578ab-4632-4b9a-8e76-0f0d21172bc0,Fastback 5.0 V8 TiVCT GT,"Roma, IT",46000.0,7100.0,2016,https://prod.pictures.autoscout24.net/listing-images/2c1578ab-4632-4b9a-8e76-0f0d21172bc0_2cfb9c57-12a7-4f65-a12a-82fbc70cd0a0.jpg/1920x1080.webp
https://www.autoscout24.com/offers/ford-mustang-5-0-ti-vct-v8-gt-aut-gasoline-black-9251dfb8-dd03-4dfb-a19e-d7299948b895,"5,0 Ti-VCT V8 GT Aut.","Ernstbrunn, AT",46500.0,50000.0,2017,https://prod.pictures.autoscout24.net/listing-images/9251dfb8-dd03-4dfb-a19e-d7299948b895_1f92890d-0c7f-4da2-bdab-dac4d4bdc0eb.jpg/1920x1080.webp
https://www.autoscout24.com/offers/ford-mustang-5-0-gt-magneride-carbon-acc-premium-2-1h-gasoline-black-ec1997ba-46f8-4484-be68-7f97f433c3b0,5.0 GT MAGNERIDE*CARBON*ACC*PREMIUM 2*1H,"Uhingen, DE",46790.0,48998.0,2018,https://prod.pictures.autoscout24.net/listing-images/ec1997ba-46f8-4484-be68-7f97f433c3b0_8fbbeeaf-b276-4c3f-9223-6c75580efd16.jpg/1920x1080.webp
https://www.autoscout24.com/offers/ford-mustang-5-0-ti-vct-v8-gt-aut-premium3-b-o-navi-gasoline-white-39498ba4-7ad7-4eb4-9990-9de1f8f83ace,5.0 Ti-VCT V8 GT Aut. Premium3+B&O+Navi,"Eslohe-Bremke, DE",46890.0,36980.0,2018,https://prod.pictures.autoscout24.net/listing-images/39498ba4-7ad7-4eb4-9990-9de1f8f83ace_40dae0e7-496e-41d4-9765-3954937f69d7.jpg/1920x1080.webp
https://www.autoscout24.com/offers/ford-mustang-gt-5-0-v8-fastback-recaro-airride-kv1-21-zoll-gasoline-black-35a37de7-c98c-449a-895d-ea69a200bdb6,GT 5.0 V8 Fastback *RECARO*AIRRIDE*KV1 21 ZOLL*,"Rosenfeld, DE",46890.0,20600.0,2018,https://prod.pictures.autoscout24.net/listing-images/35a37de7-c98c-449a-895d-ea69a200bdb6_f089668a-3ee4-4298-b29f-93737ad4055c.jpg/1920x1080.webp
https://www.autoscout24.com/offers/ford-mustang-fastback-5-0-ti-vct-v8-gt-gasoline-black-e51cadbc-6a79-4a0a-b7b5-f1c318342eba,Fastback 5.0 Ti-VCT V8 GT,"Neustadt am Rübenberge, DE",47000.0,19500.0,2018,https://prod.pictures.autoscout24.net/listing-images/e51cadbc-6a79-4a0a-b7b5-f1c318342eba_408f6f61-64b9-4742-af0f-4f1ec1fb0c7d.jpg/1920x1080.webp
https://www.autoscout24.com/offers/ford-mustang-gt-v8-5-0l-bvm-2017-gasoline-black-78580d73-636e-4292-b05b-6ff1fb1aba1d,GT V8 5.0L BVM 2017,"LE COUDRAY MONTCEAUX, FR",47900.0,41200.0,2017,https://prod.pictures.autoscout24.net/listing-images/78580d73-636e-4292-b05b-6ff1fb1aba1d_e97189e5-1bd4-4ed1-85bf-62438135d872.jpg/1920x1080.webp
https://www.autoscout24.com/offers/ford-mustang-fastback-5-0-ti-vct-v8-aut-gt-m-magneride-fahrw-gasoline-white-695a64f4-224d-4a16-9a8b-47dfa631209c,Fastback 5.0 Ti-VCT V8 Aut. GT m. MagneRide Fahrw.,"Bad Hindelang, DE",47950.0,24200.0,2018,https://prod.pictures.autoscout24.net/listing-images/695a64f4-224d-4a16-9a8b-47dfa631209c_5ea761bf-5858-45ed-905b-2932d1cdb134.jpg/1920x1080.webp
https://www.autoscout24.com/offers/ford-mustang-gt-5-0-fastback-carbon-syling-paket-navi-gasoline-black-320e5aae-c5fd-4115-8ab7-8d20c729a0e0,GT 5.0 Fastback Carbon-Syling-Paket Navi,"Gunzenhausen, DE",48450.0,32450.0,2018,https://prod.pictures.autoscout24.net/listing-images/320e5aae-c5fd-4115-8ab7-8d20c729a0e0_4993ebbc-6a77-4003-a368-24120af3e2cc.jpg/1920x1080.webp
https://www.autoscout24.com/offers/ford-mustang-fastback-5-0-gt-eu-model-sfeer-camera-gasoline-black-d00a636f-3daf-4959-b362-69e50c88cc63,Fastback 5.0 GT EU Model | Sfeer | Camera |,"TILBURG, NL",48450.0,15233.0,2016,https://prod.pictures.autoscout24.net/listing-images/d00a636f-3daf-4959-b362-69e50c88cc63_201aabe7-6b39-4b28-841c-1cec6987af95.jpg/1920x1080.webp
https://www.autoscout24.com/offers/ford-mustang-5-0-gt-v8-450ps-aut-1-hand-de-fgs-2025-gasoline-black-30bde469-1180-45da-a5f5-1e0d28aa62aa,"5.0 GT V8,450PS,Aut.1.Hand,DE,FGS-2025","Weilbach, DE",48900.0,28990.0,2018,https://prod.pictures.autoscout24.net/listing-images/30bde469-1180-45da-a5f5-1e0d28aa62aa_1a17fab6-7bb2-45f4-8843-6472b7d74a9a.jpg/1920x1080.webp
https://www.autoscout24.com/offers/ford-mustang-gt-v8-5-0l-bva-2016-gasoline-black-ae4c927c-a024-413d-835e-4fb2b34edf62,GT V8 5.0L BVA 2016,"LE COUDRAY MONTCEAUX, FR",48900.0,26200.0,2016,https://prod.pictures.autoscout24.net/listing-images/ae4c927c-a024-413d-835e-4fb2b34edf62_fbb895f5-b4b7-4649-b1d9-05592113642a.jpg/1920x1080.webp
https://www.autoscout24.com/offers/ford-mustang-gt-fastback-garantie-deutsche-ausfuehrung-gasoline-black-a9d7b862-4bc4-404c-81dd-067ebbc358b7,GT Fastback *Garantie*Deutsche Ausführung*,"Mainz-Kostheim, DE",48999.0,21000.0,2018,https://prod.pictures.autoscout24.net/listing-images/a9d7b862-4bc4-404c-81dd-067ebbc358b7_27ad240e-5d59-4791-a6fd-f33718175da9.jpg/1920x1080.webp
https://www.autoscout24.com/offers/ford-mustang-fastback-5-0-ti-vct-v8-gt-schaltgetriebe-gasoline-black-2b7fc09f-be14-4d3b-8a1b-f9ac53449995,Fastback 5.0 Ti-VCT V8 GT Schaltgetriebe,"Sontheim / Brenz, DE",49000.0,15300.0,2018,https://prod.pictures.autoscout24.net/listing-images/2b7fc09f-be14-4d3b-8a1b-f9ac53449995_0108d1b9-3956-480c-82d5-2226b0b5c40b.jpg/1920x1080.webp
https://www.autoscout24.com/offers/ford-mustang-gt-5-0-fastback-gewindefahrw-v1-coc-unfallfrei-gasoline-black-e72a4094-b975-49a7-abaf-55b44ea95394,GT 5.0 Fastback Gewindefahrw.V1/COC/Unfallfrei,"Neu-Ulm, DE",49850.0,23030.0,2018,https://prod.pictures.autoscout24.net/listing-images/e72a4094-b975-49a7-abaf-55b44ea95394_d2ef350b-1de6-4a55-8aa4-42123447ee33.jpg/1920x1080.webp
https://www.autoscout24.com/offers/ford-mustang-gt-v8-5-0l-bva-gasoline-black-5b63fc40-9e0f-4de4-b681-b3e773a490d8,GT V8 5.0L BVA,"LE COUDRAY MONTCEAUX, FR",49900.0,36500.0,2016,https://prod.pictures.autoscout24.net/listing-images/5b63fc40-9e0f-4de4-b681-b3e773a490d8_3271e038-96f2-4b0a-bfd0-260025dba7bf.jpg/1920x1080.webp
https://www.autoscout24.com/offers/ford-mustang-fastback-5-0-gt-v8-h6-435pk-10-200-mls-nwst-gasoline-black-eb92b954-85aa-4ed9-9949-946125aef586,Fastback 5.0 GT V8 H6 435pk 10.200 mls nwst,"AMSTERDAM, NL",49950.0,16576.0,2017,https://prod.pictures.autoscout24.net/listing-images/eb92b954-85aa-4ed9-9949-946125aef586_08f82a40-935f-402b-acfc-6f66c8e7aec5.jpg/1920x1080.webp
https://www.autoscout24.com/offers/ford-mustang-5-0-ti-vct-v8-gt-aut-gasoline-black-d4817403-3889-4eac-8e5a-9c710aab676d,"5,0 Ti-VCT V8 GT Aut.","Kirchberg am Wagram, AT",49990.0,29827.0,2016,https://prod.pictures.autoscout24.net/listing-images/d4817403-3889-4eac-8e5a-9c710aab676d_ad3c7a08-d4ee-40b9-a891-b49bf7127e39.jpg/1920x1080.webp
https://www.autoscout24.com/offers/ford-mustang-gt-fastback-5-0-v8-malus-inclus-gasoline-black-4d6720aa-667c-4742-951e-0db5471c80b2,GT Fastback 5.0 V8  malus inclus,"LE COUDRAY MONTCEAUX, FR",50900.0,33000.0,2017,https://prod.pictures.autoscout24.net/listing-images/4d6720aa-667c-4742-951e-0db5471c80b2_7fc995f5-52b9-45de-9c17-c139fd3bdb81.jpg/1920x1080.webp
https://www.autoscout24.com/offers/ford-mustang-gt-5-0l-v8-bvm-gasoline-black-8e93aa85-243a-4ae9-8af4-231f7c57a6b1,GT 5.0L V8 BVM,"LE COUDRAY MONTCEAUX, FR",58900.0,12000.0,2018,https://prod.pictures.autoscout24.net/listing-images/8e93aa85-243a-4ae9-8af4-231f7c57a6b1_37d4179f-0443-42d8-aeb1-5d1fb69d4743.jpg/1920x1080.webp
https://www.autoscout24.com/offers/ford-mustang-fastback-v8-5-0-bva10-gt-gasoline-white-c9ab4783-8b41-4320-9677-929ac001c243,Fastback V8 5.0 BVA10 GT,"Fegersheim, FR",59900.0,10700.0,2018,https://prod.pictures.autoscout24.net/listing-images/c9ab4783-8b41-4320-9677-929ac001c243_f6242e4e-f68c-4623-a913-ac3b06196f6d.jpg/1920x1080.webp
https://www.autoscout24.com/offers/ford-mustang-gt-v8-5-0l-bva-malus-inclus-gasoline-white-55693847-7c3a-444b-896a-a0b277e739d8,GT V8 5.0L BVA - malus inclus,"LE COUDRAY MONTCEAUX, FR",61900.0,20000.0,2018,https://prod.pictures.autoscout24.net/listing-images/55693847-7c3a-444b-896a-a0b277e739d8_41bc5401-8dd9-4b93-8a02-040a1885e413.jpg/1920x1080.webp
https://www.autoscout24.com/offers/ford-mustang-5-0-ti-vct-v8-gt-gasoline-black-269feabb-16bd-4a67-8b33-7529fa3dcb4e,"5,0 Ti-VCT V8 GT","Hörsching, AT",64900.0,6000.0,2018,https://prod.pictures.autoscout24.net/listing-images/269feabb-16bd-4a67-8b33-7529fa3dcb4e_af8d401c-52a6-46fc-b27d-a05f89f56b5c.jpg/1920x1080.webp
https://www.autoscout24.com/offers/ford-mustang-2017er-shelby-gt350-track-pack-leder-navi-etc-gasoline-black-7da95f65-2298-477f-8afa-3f5fc41eed9b,2017er SHELBY GT350 Track Pack Leder NAVI etc.,"Gersthofen, DE",64900.1,16700.0,2017,https://prod.pictures.autoscout24.net/listing-images/7da95f65-2298-477f-8afa-3f5fc41eed9b_6a6d3604-3428-416a-82bb-0e3b2e76f194.jpg/1920x1080.webp
https://www.autoscout24.com/offers/ford-mustang-5-0-ti-vct-v8-gt-aut-black-black-recaro-gasoline-black-910b08e2-28c7-4624-80e7-5a4c1dd8b40e,"5,0 Ti-VCT V8 GT Aut. / BLACK BLACK / RECARO","Wels, AT",65980.0,32200.0,2016,https://prod.pictures.autoscout24.net/listing-images/910b08e2-28c7-4624-80e7-5a4c1dd8b40e_482d01c1-baa1-4b3c-bc3b-a8b4250303e1.jpg/1920x1080.webp
https://www.autoscout24.com/offers/ford-mustang-shelby-gt350-original-vat-gasoline-white-09d4c2d4-f68e-4248-a2de-a5eab29f9af1,Shelby GT350 original (VAT),"Prague, DE",72900.1,39994.0,2018,https://prod.pictures.autoscout24.net/listing-images/09d4c2d4-f68e-4248-a2de-a5eab29f9af1_26f17019-a088-42d9-9474-6310ba22931e.jpg/1920x1080.webp
https://www.autoscout24.com/offers/ford-mustang-shelby-gt350-precio-final-gasoline-white-f0dc1d8e-98dc-4005-aa31-b006d39cfe85,SHELBY GT350  PRECIO FINAL!!,"TERRASSA, ES",79900.0,30000.0,2017,https://prod.pictures.autoscout24.net/listing-images/f0dc1d8e-98dc-4005-aa31-b006d39cfe85_ba303bb2-45ff-4e89-8d2c-a02d6733c7f1.jpg/1920x1080.webp
https://www.autoscout24.com/offers/ford-mustang-shelby-gt350-v8-5-2l-gasoline-white-97bcd5b3-ef68-47a3-9590-44367200c5c4,Shelby GT350 V8 5.2L,"LE COUDRAY MONTCEAUX, FR",92900.0,7000.0,2016,https://prod.pictures.autoscout24.net/listing-images/97bcd5b3-ef68-47a3-9590-44367200c5c4_69b5f5ae-b914-4c91-b955-77041709c413.jpg/1920x1080.webp
https://www.autoscout24.com/offers/ford-mustang-shelby-gt-350-r-kit-wr-gasoline-black-a955a7fd-7593-4323-8a8e-79640c5fcbdb,SHELBY GT 350 R Kit WR,"Buederscheid, LU",92990.1,6910.0,2017,https://prod.pictures.autoscout24.net/listing-images/a955a7fd-7593-4323-8a8e-79640c5fcbdb_722bb52c-15c8-4b7d-acfa-d3c8c52af716.jpg/1920x1080.webp
https://www.autoscout24.com/offers/ford-mustang-shelby-gt350-v8-5-2l-526ch-gasoline-white-6fa0f28a-3ca4-41f1-841e-9e603ca6aeab,Shelby GT350 V8 5.2L 526ch,"LE COUDRAY MONTCEAUX, FR",95900.0,8450.0,2018,https://prod.pictures.autoscout24.net/listing-images/6fa0f28a-3ca4-41f1-841e-9e603ca6aeab_ad44087a-1ba9-4470-9a24-19ec72b74258.jpg/1920x1080.webp
https://www.autoscout24.com/offers/ford-mustang-shelby-gt-350-r-kit-wr-gasoline-black-bb7622c2-dd1a-42ea-b016-82162f697107,SHELBY GT 350 R Kit WR,"Metz, FR",96169.1,6910.0,2017,https://prod.pictures.autoscout24.net/listing-images/bb7622c2-dd1a-42ea-b016-82162f697107_46e647a7-1bf8-41f3-a649-404953cf9a03.jpg/1920x1080.webp
https://www.autoscout24.com/offers/ford-mustang-shelby-gt-350-r-kit-wr-gasoline-black-3fff92f8-b0e1-4096-8c4e-f82861738250,SHELBY GT 350 R Kit WR,"Arlon, BE",96169.1,6910.0,2017,https://prod.pictures.autoscout24.net/listing-images/3fff92f8-b0e1-4096-8c4e-f82861738250_3ad4c8b2-d9cd-4b23-92f6-0b664d9006f5.jpg/1920x1080.webp
https://www.autoscout24.com/offers/ford-mustang-shelby-gt-350-2016-gasoline-black-a38a5562-26b3-4329-a1a5-c441946f8e54,SHELBY GT-350 2016,"GOUDERAK, NL",125000.0,19200.0,2016,https://prod.pictures.autoscout24.net/listing-images/a38a5562-26b3-4329-a1a5-c441946f8e54_91045085-e25b-4f36-a0b8-cf04b9d9edae.jpg/1920x1080.webp
https://www.autoscout24.com/offers/ford-mustang-shelby-gt-350r-gasoline-black-ccb73482-b9a0-434d-959f-61f4e6c46041,Shelby GT 350R,"Kirchberg am Wagram, AT",229000.1,2092.0,2016,https://prod.pictures.autoscout24.net/listing-images/ccb73482-b9a0-434d-959f-61f4e6c46041_5eb3c043-92d6-4fbb-b50f-6eb05c3bc71b.jpg/1920x1080.webp
